,Date,nzd_up,nzd_down,nzd_vib,nzd_strength,nzd_trend,tec_up,tec_down,tec_vib,tec_strength,tec_trend,lastday_up,lastday_down,lastday_vib,lastday_strength,lastday_trend,vix,weekday,a50_up,a50_down,a50_vib,a50_strength,a50_trend
0,2017-03-17,False,False,True,0,0,False,False,True,0,0,False,False,True,0,0,0,4,False,True,False,1,1
1,2017-03-20,True,False,False,1,1,False,False,True,0,0,False,True,False,1,1,0,0,False,False,True,0,0
2,2017-03-21,False,True,False,0,1,False,False,True,0,0,False,False,True,0,0,0,1,False,False,True,0,0
3,2017-03-22,False,True,False,0,1,False,True,False,1,2,False,False,True,0,0,0,2,False,False,True,0,0
4,2017-03-23,False,True,False,1,1,False,False,True,0,0,False,False,True,0,0,0,3,False,False,True,0,0
5,2017-03-24,False,False,True,0,0,False,False,True,0,0,False,False,True,0,0,0,4,False,False,True,0,0
6,2017-03-27,False,False,True,0,0,False,False,True,0,0,False,False,True,0,0,0,0,False,False,True,0,0
7,2017-03-28,False,False,True,0,0,True,False,False,1,1,False,False,True,0,0,0,1,False,True,False,0,1
8,2017-03-29,False,False,True,1,0,False,False,True,1,0,False,True,False,0,1,0,2,False,False,True,0,0
9,2017-03-30,False,False,True,0,0,False,False,True,0,0,False,False,True,0,0,0,3,False,True,False,0,1
10,2017-03-31,False,False,True,0,0,False,False,True,0,0,False,True,False,0,1,0,4,False,False,True,0,0
11,2017-04-03,False,False,True,0,0,False,False,True,0,0,False,False,True,0,0,0,0,False,False,True,0,0
12,2017-04-04,False,False,True,0,0,False,False,True,0,0,False,False,True,0,0,0,1,False,False,True,0,0
13,2017-04-05,False,False,True,0,0,False,False,True,0,0,False,False,True,0,0,0,2,False,False,True,0,0
14,2017-04-06,True,False,False,2,2,True,False,False,0,1,False,False,True,0,0,0,3,False,False,True,0,0
15,2017-04-07,False,False,True,0,0,False,False,True,0,0,False,False,True,0,0,0,4,False,False,True,0,0
16,2017-04-10,False,False,True,0,0,False,False,True,0,0,False,False,True,0,0,0,0,False,False,True,0,0
17,2017-04-11,False,False,True,0,0,False,False,True,0,0,False,False,True,0,0,0,1,False,False,True,1,0
18,2017-04-12,False,False,True,0,0,False,True,False,1,1,False,False,True,1,0,0,2,False,False,True,0,0
19,2017-04-13,False,False,True,0,0,False,False,True,0,0,False,False,True,0,0,0,3,False,False,True,0,0
20,2017-04-17,True,False,False,0,1,False,False,True,0,0,False,False,True,0,0,0,0,False,False,True,0,0
21,2017-04-18,True,False,False,0,1,False,False,True,0,0,False,False,True,0,0,0,1,False,False,True,0,0
22,2017-04-19,False,False,True,0,0,False,False,True,0,0,False,False,True,0,0,0,2,False,False,True,0,0
23,2017-04-20,True,False,False,5,3,False,False,True,0,0,False,False,True,0,0,0,3,True,False,False,0,1
24,2017-04-21,False,True,False,1,1,False,False,True,0,0,True,False,False,0,1,0,4,False,False,True,0,0
25,2017-04-24,False,False,True,2,0,False,False,True,0,0,False,False,True,0,0,0,0,False,True,False,0,1
26,2017-04-25,False,False,True,0,0,False,False,True,0,0,False,True,False,0,1,0,1,False,False,True,0,0
27,2017-04-26,False,False,True,0,0,True,False,False,0,1,False,False,True,0,0,0,2,False,False,True,0,0
28,2017-04-27,False,False,True,0,0,False,False,True,0,0,False,False,True,0,0,0,3,False,False,True,0,0
29,2017-04-28,False,False,True,0,0,False,False,True,0,0,False,False,True,0,0,0,4,False,True,False,0,1
30,2017-05-01,True,False,False,1,2,False,False,True,0,0,False,True,False,0,1,0,0,False,False,True,0,0
31,2017-05-02,False,False,True,0,0,False,False,True,0,0,False,False,True,0,0,0,1,False,False,True,0,0
32,2017-05-03,True,False,False,4,4,False,False,True,0,0,False,False,True,0,0,0,2,False,False,True,0,0
33,2017-05-04,True,False,False,1,1,False,False,True,0,0,False,False,True,0,0,0,3,False,False,True,0,0
34,2017-05-05,False,False,True,0,0,False,False,True,0,0,False,False,True,0,0,0,4,False,True,False,0,1
35,2017-05-08,False,False,True,0,0,False,False,True,0,0,False,True,False,0,1,0,0,False,True,False,0,1
36,2017-05-09,False,False,True,0,0,False,False,True,0,0,False,True,False,0,1,0,1,False,False,True,0,0
37,2017-05-10,False,False,True,1,0,False,False,True,0,0,False,False,True,0,0,0,2,True,False,False,0,1
38,2017-05-11,False,True,False,2,4,False,False,True,0,0,True,False,False,0,1,0,3,False,False,True,0,0
39,2017-05-12,False,True,False,1,1,False,False,True,0,0,False,False,True,0,0,0,4,True,False,False,1,3
40,2017-05-15,False,False,True,2,0,False,False,True,0,0,True,False,False,1,3,0,0,False,False,True,0,0
41,2017-05-16,False,False,True,0,0,False,False,True,0,0,False,False,True,0,0,0,1,False,True,False,0,1
42,2017-05-17,True,False,False,1,1,False,False,True,0,0,False,True,False,0,1,0,2,False,True,False,0,1
43,2017-05-18,False,True,False,0,1,False,True,False,1,2,False,True,False,0,1,0,3,False,False,True,0,0
44,2017-05-19,False,False,True,0,0,True,False,False,1,1,False,False,True,0,0,0,4,False,False,True,0,0
45,2017-05-22,True,False,False,2,2,False,False,True,0,0,False,False,True,0,0,0,0,True,False,False,1,1
46,2017-05-23,False,False,True,0,0,True,False,False,0,1,True,False,False,1,1,0,1,True,False,False,1,2
47,2017-05-24,False,False,True,0,0,False,False,True,0,0,True,False,False,1,2,0,2,False,False,True,0,0
48,2017-05-25,False,False,True,0,0,False,False,True,0,0,False,False,True,0,0,0,3,True,False,False,3,4
49,2017-05-26,False,False,True,0,0,True,False,False,0,1,True,False,False,3,4,0,4,False,False,True,0,0
50,2017-05-29,False,False,True,0,0,False,False,True,0,0,False,False,True,0,0,0,0,False,False,True,0,0
51,2017-05-30,False,False,True,0,0,False,False,True,0,0,False,False,True,0,0,0,1,False,False,True,0,0
52,2017-05-31,False,True,False,1,1,False,False,True,0,0,False,False,True,0,0,0,2,False,False,True,1,0
53,2017-06-01,False,True,False,0,1,False,True,False,0,1,False,False,True,1,0,0,3,True,False,False,1,1
54,2017-06-02,False,False,True,0,0,False,False,True,0,0,True,False,False,1,1,0,4,False,True,False,0,1
55,2017-06-05,False,False,True,0,0,False,False,True,0,0,False,True,False,0,1,0,0,False,True,False,1,2
56,2017-06-06,False,False,True,0,0,False,False,True,0,0,False,True,False,1,2,0,1,False,False,True,0,0
57,2017-06-07,True,False,False,0,1,False,False,True,0,0,False,False,True,0,0,0,2,True,False,False,1,2
58,2017-06-08,False,False,True,0,0,False,False,True,0,0,True,False,False,1,2,0,3,True,False,False,1,1
59,2017-06-09,False,False,True,0,0,False,False,True,0,0,True,False,False,1,1,0,4,True,False,False,1,2
60,2017-06-12,False,False,True,1,0,False,True,False,3,2,True,False,False,1,2,0,0,False,False,True,1,0
61,2017-06-13,True,False,False,0,1,False,False,True,1,0,False,False,True,1,0,0,1,False,False,True,0,0
62,2017-06-14,False,False,True,1,0,False,False,True,0,0,False,False,True,0,0,0,2,False,True,False,1,2
63,2017-06-15,False,True,False,2,1,False,False,True,1,0,False,True,False,1,2,0,3,False,True,False,1,2
64,2017-06-16,False,False,True,0,0,False,False,True,1,0,False,True,False,1,2,0,4,False,False,True,0,0
65,2017-06-19,False,False,True,0,0,False,True,False,0,1,False,False,True,0,0,0,0,True,False,False,1,2
66,2017-06-20,False,False,True,0,0,True,False,False,1,1,True,False,False,1,2,0,1,False,True,False,0,1
67,2017-06-21,True,False,False,0,1,False,False,True,0,0,False,True,False,0,1,0,2,False,False,True,1,0
68,2017-06-22,False,False,True,0,0,True,False,False,1,1,False,False,True,1,0,0,3,True,False,False,2,3
69,2017-06-23,False,False,True,0,0,False,False,True,0,0,True,False,False,2,3,0,4,False,False,True,1,0
70,2017-06-26,False,False,True,0,0,False,False,True,0,0,False,False,True,1,0,0,0,True,False,False,1,2
71,2017-06-27,False,True,False,1,1,False,True,False,1,1,True,False,False,1,2,0,1,False,True,False,0,1
72,2017-06-28,False,False,True,1,0,False,False,True,1,0,False,True,False,0,1,0,2,False,False,True,0,0
73,2017-06-29,False,False,True,0,0,True,False,False,1,2,False,False,True,0,0,0,3,False,False,True,0,0
74,2017-06-30,False,False,True,1,0,False,True,False,2,3,False,False,True,0,0,0,4,False,False,True,0,0
75,2017-07-03,True,False,False,3,4,False,False,True,0,0,False,False,True,0,0,0,0,False,True,False,1,1
76,2017-07-04,False,False,True,1,0,False,True,False,2,1,False,True,False,1,1,0,1,False,True,False,1,2
77,2017-07-05,False,False,True,0,0,False,True,False,0,1,False,True,False,1,2,0,2,True,False,False,1,1
78,2017-07-06,False,True,False,0,1,True,False,False,1,1,True,False,False,1,1,0,3,False,False,True,1,0
79,2017-07-07,False,False,True,0,0,False,False,True,0,0,False,False,True,1,0,0,4,False,False,True,0,0
80,2017-07-10,False,False,True,0,0,True,False,False,1,2,False,False,True,0,0,0,0,False,False,True,0,0
81,2017-07-11,False,True,False,2,2,False,False,True,0,0,False,False,True,0,0,0,1,True,False,False,2,3
82,2017-07-12,False,False,True,0,0,False,False,True,0,0,True,False,False,2,3,0,2,False,False,True,1,0
83,2017-07-13,False,False,True,1,0,True,False,False,0,1,False,False,True,1,0,0,3,True,False,False,1,1
84,2017-07-14,False,False,True,0,0,False,False,True,0,0,True,False,False,1,1,0,4,False,False,True,1,0
85,2017-07-17,False,False,True,1,0,True,False,False,0,1,False,False,True,1,0,0,0,False,False,True,1,0
86,2017-07-18,False,True,False,5,3,False,False,True,0,0,False,False,True,1,0,0,1,False,True,False,1,1
87,2017-07-19,False,False,True,0,0,False,False,True,0,0,False,True,False,1,1,0,2,True,False,False,1,2
88,2017-07-20,False,False,True,0,0,False,False,True,0,0,True,False,False,1,2,0,3,False,False,True,0,0
89,2017-07-21,False,True,False,0,1,False,False,True,0,0,False,False,True,0,0,0,4,False,False,True,0,0
90,2017-07-24,False,False,True,0,0,False,False,True,0,0,False,False,True,0,0,0,0,True,False,False,0,1
91,2017-07-25,False,False,True,0,0,False,False,True,0,0,True,False,False,0,1,0,1,False,False,True,0,0
92,2017-07-26,False,False,True,0,0,False,False,True,0,0,False,False,True,0,0,0,2,False,True,False,1,1
93,2017-07-27,True,False,False,0,1,False,False,True,0,0,False,True,False,1,1,0,3,False,True,False,0,1
94,2017-07-28,True,False,False,1,1,False,True,False,2,1,False,True,False,0,1,0,4,False,False,True,0,0
95,2017-07-31,False,False,True,1,0,True,False,False,0,1,False,False,True,0,0,0,0,False,False,True,0,0
96,2017-08-01,False,True,False,0,1,False,True,False,0,1,False,False,True,0,0,0,1,True,False,False,1,2
97,2017-08-02,False,True,False,5,5,False,False,True,0,0,True,False,False,1,2,0,2,False,False,True,0,0
98,2017-08-03,False,True,False,1,1,False,True,False,1,1,False,False,True,0,0,0,3,False,True,False,1,1
99,2017-08-04,False,False,True,0,0,False,False,True,0,0,False,True,False,1,1,0,4,False,False,True,0,0
100,2017-08-07,True,False,False,1,2,False,False,True,0,0,False,False,True,0,0,0,0,False,False,True,1,0
101,2017-08-08,False,False,True,0,0,False,False,True,0,0,False,False,True,1,0,0,1,False,False,True,0,0
102,2017-08-09,False,False,True,0,0,False,False,True,1,0,False,False,True,0,0,0,2,False,False,True,0,0
103,2017-08-10,True,False,False,2,3,False,False,True,0,0,False,False,True,0,0,0,3,False,False,True,1,0
104,2017-08-11,True,False,False,1,1,False,True,False,1,1,False,False,True,1,0,0,4,False,True,False,1,1
105,2017-08-14,False,False,True,2,0,True,False,False,1,2,False,True,False,1,1,0,0,True,False,False,1,1
106,2017-08-15,False,False,True,0,0,True,False,False,0,1,True,False,False,1,1,0,1,True,False,False,1,1
107,2017-08-16,False,True,False,0,1,False,False,True,0,0,True,False,False,1,1,0,2,False,False,True,0,0
108,2017-08-17,False,False,True,0,0,False,False,True,0,0,False,False,True,0,0,0,3,False,False,True,0,0
109,2017-08-18,False,False,True,0,0,False,True,False,1,1,False,False,True,0,0,0,4,False,False,True,1,0
110,2017-08-21,False,True,False,0,1,False,False,True,0,0,False,False,True,1,0,0,0,False,False,True,0,0
111,2017-08-22,False,False,True,0,0,False,False,True,0,0,False,False,True,0,0,0,1,True,False,False,0,1
112,2017-08-23,False,False,True,0,0,True,False,False,1,1,True,False,False,0,1,0,2,True,False,False,1,1
113,2017-08-24,True,False,False,1,1,False,False,True,0,0,True,False,False,1,1,0,3,False,False,True,0,0
114,2017-08-25,False,False,True,0,0,False,True,False,1,1,False,False,True,0,0,0,4,True,False,False,2,3
115,2017-08-28,True,False,False,2,2,False,True,False,0,1,True,False,False,2,3,0,0,True,False,False,1,2
116,2017-08-29,False,True,False,3,5,False,False,True,0,0,True,False,False,1,2,0,1,False,False,True,0,0
117,2017-08-30,True,False,False,1,2,True,False,False,1,1,False,False,True,0,0,0,2,False,False,True,1,0
118,2017-08-31,False,False,True,0,0,True,False,False,1,1,False,False,True,1,0,0,3,False,True,False,1,2
119,2017-09-01,False,False,True,0,0,True,False,False,0,1,False,True,False,1,2,0,4,False,False,True,1,0
120,2017-09-04,True,False,False,1,1,False,False,True,0,0,False,False,True,1,0,0,0,False,False,True,0,0
121,2017-09-05,False,False,True,0,0,False,False,True,0,0,False,False,True,0,0,0,1,True,False,False,1,1
122,2017-09-06,True,False,False,1,2,False,True,False,1,1,True,False,False,1,1,0,2,False,False,True,0,0
123,2017-09-07,False,False,True,0,0,False,False,True,0,0,False,False,True,0,0,0,3,False,True,False,1,1
124,2017-09-08,False,False,True,1,0,False,False,True,0,0,False,True,False,1,1,0,4,False,False,True,0,0
125,2017-09-11,False,False,True,0,0,False,False,True,0,0,False,False,True,0,0,0,0,False,False,True,1,0
126,2017-09-12,False,False,True,0,0,False,False,True,0,0,False,False,True,1,0,0,1,False,False,True,0,0
127,2017-09-13,False,True,False,1,1,False,False,True,0,0,False,False,True,0,0,0,2,False,False,True,0,0
128,2017-09-14,True,False,False,2,3,False,False,True,0,0,False,False,True,0,0,0,3,False,True,False,1,1
129,2017-09-15,False,False,True,0,0,False,False,True,0,0,False,True,False,1,1,0,4,False,False,True,0,0
130,2017-09-18,True,False,False,1,1,False,False,True,0,0,False,False,True,0,0,0,0,False,False,True,0,0
131,2017-09-19,False,False,True,0,0,False,False,True,0,0,False,False,True,0,0,0,1,False,False,True,0,0
132,2017-09-20,False,False,True,1,0,False,False,True,0,0,False,False,True,0,0,0,2,True,False,False,0,1
133,2017-09-21,False,False,True,1,0,False,False,True,1,0,True,False,False,0,1,0,3,True,False,False,1,1
134,2017-09-22,False,True,False,1,1,False,False,True,1,0,True,False,False,1,1,0,4,False,False,True,0,0
135,2017-09-25,False,True,False,2,2,False,False,True,0,0,False,False,True,0,0,0,0,False,False,True,0,0
136,2017-09-26,True,False,False,1,2,False,True,False,1,2,False,False,True,0,0,0,1,True,False,False,0,1
137,2017-09-27,False,False,True,0,0,False,False,True,0,0,True,False,False,0,1,0,2,False,False,True,0,0
138,2017-09-28,False,False,True,0,0,False,False,True,0,0,False,False,True,0,0,0,3,False,False,True,0,0
139,2017-09-29,False,False,True,0,0,False,False,True,0,0,False,False,True,0,0,0,4,True,False,False,0,1
140,2017-10-02,True,False,False,2,3,False,False,True,0,0,True,False,False,0,1,0,0,False,False,True,0,0
141,2017-10-03,False,False,True,0,0,False,False,True,0,0,False,False,True,0,0,0,1,False,False,True,0,0
142,2017-10-04,True,False,False,0,1,False,False,True,0,0,False,False,True,0,0,0,2,False,True,False,2,3
143,2017-10-05,False,False,True,0,0,False,False,True,0,0,False,True,False,2,3,0,3,True,False,False,3,2
144,2017-10-06,False,False,True,0,0,False,False,True,0,0,True,False,False,3,2,0,4,False,True,False,0,1
145,2017-10-09,False,False,True,1,0,False,False,True,0,0,False,True,False,0,1,0,0,False,True,False,2,2
146,2017-10-10,False,False,True,0,0,False,False,True,0,0,False,True,False,2,2,0,1,False,True,False,1,1
147,2017-10-11,False,False,True,0,0,False,False,True,0,0,False,True,False,1,1,0,2,False,False,True,0,0
148,2017-10-12,True,False,False,1,2,False,False,True,0,0,False,False,True,0,0,0,3,False,False,True,0,0
149,2017-10-13,True,False,False,0,1,False,False,True,0,0,False,False,True,0,0,0,4,False,False,True,0,0
150,2017-10-16,True,False,False,0,1,False,False,True,0,0,False,False,True,0,0,0,0,True,False,False,0,1
151,2017-10-17,False,False,True,1,0,False,False,True,0,0,True,False,False,0,1,0,1,False,False,True,0,0
152,2017-10-18,False,False,True,0,0,False,False,True,0,0,False,False,True,0,0,0,2,False,False,True,1,0
153,2017-10-19,False,False,True,0,0,False,False,True,0,0,False,False,True,1,0,0,3,False,False,True,0,0
154,2017-10-20,False,True,False,1,1,False,False,True,0,0,False,False,True,0,0,0,4,False,False,True,0,0
155,2017-10-23,False,False,True,0,0,False,False,True,0,0,False,False,True,0,0,0,0,False,False,True,0,0
156,2017-10-24,True,False,False,1,1,False,False,True,0,0,False,False,True,0,0,0,1,True,False,False,0,1
157,2017-10-25,True,False,False,1,1,False,False,True,0,0,True,False,False,0,1,0,2,False,False,True,0,0
158,2017-10-26,False,False,True,0,0,False,False,True,1,0,False,False,True,0,0,0,3,True,False,False,1,2
159,2017-10-27,False,True,False,1,1,False,False,True,0,0,True,False,False,1,2,0,4,True,False,False,1,2
160,2017-10-30,False,True,False,1,2,True,False,False,1,2,True,False,False,1,2,0,0,False,True,False,0,1
161,2017-10-31,False,False,True,0,0,False,False,True,0,0,False,True,False,0,1,0,1,False,False,True,0,0
162,2017-11-01,True,False,False,3,3,False,False,True,0,0,False,False,True,0,0,0,2,False,False,True,1,0
163,2017-11-02,False,False,True,0,0,False,True,False,0,1,False,False,True,1,0,0,3,False,True,False,0,1
164,2017-11-03,False,False,True,0,0,False,False,True,0,0,False,True,False,0,1,0,4,False,False,True,0,0
165,2017-11-06,False,False,True,0,0,False,False,True,0,0,False,False,True,0,0,0,0,False,False,True,1,0
166,2017-11-07,False,False,True,0,0,False,False,True,0,0,False,False,True,1,0,0,1,True,False,False,1,2
167,2017-11-08,False,False,True,0,0,False,False,True,0,0,True,False,False,1,2,0,2,False,False,True,1,0
168,2017-11-09,False,True,False,1,2,False,False,True,0,0,False,False,True,1,0,0,3,False,False,True,0,0
169,2017-11-10,True,False,False,1,1,False,False,True,1,0,False,False,True,0,0,0,4,True,False,False,1,1
170,2017-11-13,False,False,True,0,0,False,False,True,0,0,True,False,False,1,1,0,0,False,False,True,0,0
171,2017-11-14,False,False,True,0,0,True,False,False,0,1,False,False,True,0,0,0,1,False,True,False,0,1
172,2017-11-15,False,False,True,0,0,False,False,True,0,0,False,True,False,0,1,0,2,False,False,True,0,0
173,2017-11-16,False,False,True,0,0,False,False,True,0,0,False,False,True,0,0,0,3,True,False,False,1,2
174,2017-11-17,False,False,True,0,0,True,False,False,1,2,True,False,False,1,2,0,4,False,False,True,1,0
175,2017-11-20,False,False,True,0,0,False,False,True,0,0,False,False,True,1,0,0,0,False,False,True,2,0
176,2017-11-21,False,False,True,0,0,False,False,True,0,0,False,False,True,2,0,0,1,True,False,False,3,5
177,2017-11-22,True,False,False,0,1,True,False,False,0,1,True,False,False,3,5,0,2,False,False,True,1,0
178,2017-11-23,False,False,True,0,0,False,False,True,0,0,False,False,True,1,0,0,3,False,True,False,4,2
179,2017-11-24,True,False,False,0,1,False,False,True,0,0,False,True,False,4,2,0,4,False,True,False,1,1
180,2017-11-27,False,False,True,0,0,False,False,True,0,0,False,True,False,1,1,0,0,False,True,False,2,4
181,2017-11-28,False,False,True,1,0,False,False,True,0,0,False,True,False,2,4,0,1,False,True,False,1,2
182,2017-11-29,False,False,True,0,0,False,False,True,0,0,False,True,False,1,2,0,2,False,True,False,1,2
183,2017-11-30,True,False,False,1,1,False,True,False,2,4,False,True,False,1,2,0,3,False,False,True,1,0
184,2017-12-01,True,False,False,0,1,True,False,False,0,1,False,False,True,1,0,0,4,False,True,False,1,2
185,2017-12-04,False,False,True,0,0,False,False,True,1,0,False,True,False,1,2,0,0,True,False,False,1,3
186,2017-12-05,False,False,True,0,0,False,True,False,2,3,True,False,False,1,3,0,1,True,False,False,3,5
187,2017-12-06,False,False,True,0,0,True,False,False,1,1,True,False,False,3,5,0,2,False,True,False,1,2
188,2017-12-07,True,False,False,0,1,True,False,False,1,1,False,True,False,1,2,0,3,False,True,False,2,3
189,2017-12-08,False,False,True,0,0,False,False,True,0,0,False,True,False,2,3,0,4,False,False,True,1,0
190,2017-12-11,True,False,False,0,1,False,False,True,0,0,False,False,True,1,0,0,0,True,False,False,1,1
191,2017-12-12,False,False,True,0,0,True,False,False,0,1,True,False,False,1,1,0,1,False,True,False,1,1
192,2017-12-13,False,False,True,0,0,False,False,True,0,0,False,True,False,1,1,0,2,False,False,True,1,0
193,2017-12-14,False,False,True,0,0,False,False,True,0,0,False,False,True,1,0,0,3,False,True,False,1,1
194,2017-12-15,True,False,False,1,1,False,False,True,0,0,False,True,False,1,1,0,4,False,True,False,1,2
195,2017-12-18,False,False,True,0,0,True,False,False,1,2,False,True,False,1,2,0,0,False,False,True,0,0
196,2017-12-19,False,False,True,0,0,False,False,True,0,0,False,False,True,0,0,0,1,True,False,False,2,3
197,2017-12-20,False,True,False,1,1,False,True,False,0,1,True,False,False,2,3,0,2,False,False,True,0,0
198,2017-12-21,True,False,False,1,1,False,True,False,1,1,False,False,True,0,0,0,3,True,False,False,2,3
199,2017-12-22,False,False,True,0,0,False,False,True,0,0,True,False,False,2,3,0,4,False,True,False,1,1
200,2017-12-26,False,False,True,0,0,False,False,True,0,0,False,True,False,1,1,0,1,False,False,True,0,0
201,2017-12-27,False,False,True,0,0,False,False,True,0,0,False,False,True,0,0,0,2,False,True,False,2,2
202,2017-12-28,True,False,False,1,1,False,False,True,0,0,False,True,False,2,2,0,3,True,False,False,1,2
203,2017-12-29,False,False,True,0,0,False,False,True,0,0,True,False,False,1,2,0,4,False,False,True,0,0
204,2018-01-02,True,False,False,0,1,False,True,False,0,1,False,False,True,0,0,0,1,True,False,False,2,4
205,2018-01-03,False,False,True,0,0,True,False,False,1,3,True,False,False,2,4,0,2,True,False,False,1,1
206,2018-01-04,False,False,True,0,0,True,False,False,1,2,True,False,False,1,1,0,3,False,False,True,0,0
207,2018-01-05,False,False,True,0,0,False,False,True,0,0,False,False,True,0,0,0,4,False,False,True,1,0
208,2018-01-08,False,False,True,0,0,False,False,True,0,0,False,False,True,1,0,0,0,False,False,True,0,0
209,2018-01-09,False,False,True,0,0,True,False,False,0,1,False,False,True,0,0,0,1,True,False,False,1,2
210,2018-01-10,False,True,False,1,2,False,False,True,0,0,True,False,False,1,2,0,2,True,False,False,1,2
211,2018-01-11,False,False,True,0,0,False,False,True,0,0,True,False,False,1,2,0,3,False,False,True,0,0
212,2018-01-12,False,False,True,0,0,False,False,True,0,0,False,False,True,0,0,0,4,False,False,True,1,0
213,2018-01-15,True,False,False,1,2,True,False,False,1,1,False,False,True,1,0,0,0,True,False,False,2,3
214,2018-01-16,False,False,True,0,0,False,False,True,0,0,True,False,False,2,3,0,1,True,False,False,1,1
215,2018-01-17,True,False,False,1,1,False,True,False,1,1,True,False,False,1,1,0,2,False,False,True,2,0
216,2018-01-18,True,False,False,0,1,False,False,True,1,0,False,False,True,2,0,0,3,False,False,True,1,0
217,2018-01-19,False,False,True,0,0,True,False,False,0,1,False,False,True,1,0,0,4,True,False,False,1,1
218,2018-01-22,False,False,True,0,0,False,False,True,0,0,True,False,False,1,1,0,0,False,False,True,0,0
219,2018-01-23,False,True,False,0,1,True,False,False,1,2,False,False,True,0,0,0,1,True,False,False,1,2
220,2018-01-24,True,False,False,1,1,True,False,False,0,1,True,False,False,1,2,0,2,False,False,True,1,0
221,2018-01-25,False,False,True,0,0,False,True,False,1,1,False,False,True,1,0,0,3,False,True,False,2,3
222,2018-01-26,True,False,False,2,3,False,True,False,1,1,False,True,False,2,3,0,4,True,False,False,1,2
223,2018-01-29,True,False,False,1,2,False,False,True,1,0,True,False,False,1,2,0,0,False,True,False,4,5
224,2018-01-30,False,False,True,0,0,False,False,True,0,0,False,True,False,4,5,0,1,False,True,False,2,2
225,2018-01-31,True,False,False,1,1,False,False,True,0,0,False,True,False,2,2,0,2,True,False,False,2,3
226,2018-02-01,True,False,False,0,1,False,False,True,1,0,True,False,False,2,3,0,3,False,False,True,1,0
227,2018-02-02,False,False,True,0,0,True,False,False,1,1,False,False,True,1,0,0,4,False,False,True,1,0
228,2018-02-05,False,False,True,0,0,False,True,False,2,2,False,False,True,1,0,1,0,True,False,False,3,4
229,2018-02-06,False,True,False,1,2,False,False,True,5,0,True,False,False,3,4,3,1,False,True,False,1,2
230,2018-02-07,False,True,False,1,2,True,False,False,4,4,False,True,False,1,2,3,2,False,True,False,5,5
231,2018-02-08,False,False,True,0,0,False,False,True,2,0,False,True,False,5,5,2,3,False,True,False,3,5
232,2018-02-09,True,False,False,2,3,False,True,False,5,5,False,True,False,3,5,3,4,False,True,False,4,5
233,2018-02-12,False,True,False,1,1,False,True,False,4,3,False,True,False,4,5,3,0,True,False,False,1,2
234,2018-02-13,False,False,True,1,0,True,False,False,2,2,True,False,False,1,2,2,1,True,False,False,3,5
235,2018-02-14,True,False,False,0,1,True,False,False,1,2,True,False,False,3,5,2,2,False,False,True,1,0
236,2018-02-15,False,False,True,0,0,True,False,False,3,5,False,False,True,1,0,1,3,True,False,False,1,2
237,2018-02-16,True,False,False,1,1,False,False,True,2,0,True,False,False,1,2,1,4,False,False,True,0,0
238,2018-02-19,True,False,False,0,1,False,False,True,1,0,False,False,True,0,0,1,0,False,False,True,0,0
239,2018-02-20,False,False,True,0,0,False,False,True,0,0,False,False,True,0,0,1,1,False,True,False,1,2
240,2018-02-21,False,False,True,0,0,True,False,False,1,2,False,True,False,1,2,1,2,True,False,False,1,2
241,2018-02-22,True,False,False,0,1,True,False,False,1,1,True,False,False,1,2,1,3,False,False,True,1,0
242,2018-02-23,False,False,True,0,0,False,False,True,1,0,False,False,True,1,0,1,4,False,False,True,1,0
243,2018-02-26,False,True,False,1,2,True,False,False,1,1,False,False,True,1,0,1,0,False,True,False,1,1
244,2018-02-27,False,False,True,0,0,True,False,False,1,1,False,True,False,1,1,1,1,False,True,False,3,5
245,2018-02-28,False,False,True,0,0,False,True,False,1,2,False,True,False,3,5,1,2,False,True,False,2,3
246,2018-03-01,False,False,True,0,0,False,False,True,1,0,False,True,False,2,3,1,3,True,False,False,2,3
247,2018-03-02,False,False,True,0,0,False,True,False,3,3,True,False,False,2,3,2,4,True,False,False,0,1
248,2018-03-05,False,True,False,1,1,True,False,False,2,2,True,False,False,0,1,1,0,False,True,False,1,1
249,2018-03-06,False,False,True,0,0,True,False,False,2,3,False,True,False,1,1,1,1,False,True,False,2,1
250,2018-03-07,False,False,True,0,0,False,False,True,0,0,False,True,False,2,1,1,2,True,False,False,2,1
251,2018-03-08,True,False,False,0,1,True,False,False,1,1,True,False,False,2,1,1,3,False,False,True,1,0
252,2018-03-09,False,False,True,0,0,False,False,True,0,0,False,False,True,1,0,1,4,False,False,True,0,0
253,2018-03-12,True,False,False,2,2,True,False,False,1,1,False,False,True,0,0,0,0,False,True,False,1,1
254,2018-03-13,True,False,False,1,1,False,False,True,0,0,False,True,False,1,1,0,1,False,True,False,1,1
255,2018-03-14,False,False,True,0,0,False,True,False,2,1,False,True,False,1,1,1,2,False,False,True,0,0
256,2018-03-15,False,False,True,0,0,False,True,False,1,1,False,False,True,0,0,1,3,True,False,False,2,3
257,2018-03-16,False,False,True,0,0,False,False,True,1,0,True,False,False,2,3,1,4,False,False,True,1,0
258,2018-03-19,True,False,False,1,2,False,False,True,0,0,False,False,True,1,0,0,0,False,False,True,1,0
259,2018-03-20,False,False,True,0,0,False,True,False,2,3,False,False,True,1,0,1,1,False,False,True,0,0
260,2018-03-21,False,False,True,0,0,False,True,False,0,1,False,False,True,0,0,1,2,False,False,True,2,0
261,2018-03-22,True,False,False,0,1,False,False,True,1,0,False,False,True,2,0,1,3,False,True,False,2,3
262,2018-03-23,False,False,True,0,0,False,True,False,1,1,False,True,False,2,3,1,4,False,True,False,2,3
263,2018-03-26,True,False,False,1,1,False,False,True,2,0,False,True,False,2,3,2,0,False,True,False,2,2
264,2018-03-27,False,False,True,0,0,False,False,True,2,0,False,True,False,2,2,2,1,False,True,False,2,2
265,2018-03-28,False,False,True,0,0,False,True,False,3,3,False,True,False,2,2,2,2,False,True,False,2,1
266,2018-03-29,False,False,True,0,0,False,True,False,2,3,False,True,False,2,1,2,3,True,False,False,4,1
267,2018-04-02,False,False,True,0,0,True,False,False,3,1,True,False,False,4,1,1,0,False,True,False,2,1
268,2018-04-03,False,False,True,0,0,False,True,False,4,4,False,True,False,2,1,2,1,False,False,True,0,0
269,2018-04-04,True,False,False,0,1,False,False,True,1,0,False,False,True,0,0,1,2,True,False,False,1,1
270,2018-04-05,True,False,False,1,2,True,False,False,3,3,True,False,False,1,1,1,3,True,False,False,0,1
271,2018-04-06,False,False,True,1,0,False,True,False,1,1,True,False,False,0,1,1,4,False,False,True,0,0
272,2018-04-09,False,False,True,0,0,False,False,True,3,0,False,False,True,0,0,1,0,False,False,True,1,0
273,2018-04-10,False,False,True,0,0,True,False,False,2,3,False,False,True,1,0,1,1,True,False,False,3,3
274,2018-04-11,False,False,True,0,0,False,False,True,1,0,True,False,False,3,3,1,2,True,False,False,1,1
275,2018-04-12,False,False,True,0,0,True,False,False,1,2,True,False,False,1,1,1,3,False,True,False,2,3
276,2018-04-13,False,False,True,0,0,True,False,False,1,1,False,True,False,2,3,1,4,False,True,False,2,2
277,2018-04-16,False,False,True,0,0,False,False,True,1,0,False,True,False,2,2,1,0,False,True,False,3,5
278,2018-04-17,False,False,True,0,0,False,False,True,1,0,False,True,False,3,5,1,1,False,True,False,1,1
279,2018-04-18,False,False,True,0,0,True,False,False,1,2,False,True,False,1,1,0,2,False,True,False,2,4
280,2018-04-19,True,False,False,3,3,False,False,True,1,0,False,True,False,2,4,0,3,True,False,False,1,2
281,2018-04-20,False,False,True,0,0,False,True,False,1,1,True,False,False,1,2,1,4,False,True,False,1,1
282,2018-04-23,False,False,True,1,0,False,True,False,2,2,False,True,False,1,1,1,0,True,False,False,1,3
283,2018-04-24,True,False,False,0,1,False,False,True,1,0,True,False,False,1,3,1,1,True,False,False,3,5
284,2018-04-25,False,False,True,0,0,False,True,False,4,5,True,False,False,3,5,1,2,False,True,False,1,1
285,2018-04-26,False,False,True,0,0,False,False,True,1,0,False,True,False,1,1,1,3,False,True,False,3,5
286,2018-04-27,False,False,True,0,0,True,False,False,1,1,False,True,False,3,5,1,4,False,True,False,2,4
287,2018-04-30,False,False,True,0,0,False,True,False,2,3,False,True,False,2,4,0,0,True,False,False,0,1
288,2018-05-02,False,False,True,0,0,False,True,False,1,1,True,False,False,0,1,0,2,False,True,False,1,2
289,2018-05-03,False,False,True,0,0,False,True,False,1,1,False,True,False,1,2,0,3,False,False,True,1,0
290,2018-05-04,False,False,True,0,0,False,False,True,2,0,False,False,True,1,0,1,4,False,False,True,1,0
291,2018-05-07,False,False,True,0,0,True,False,False,3,3,False,False,True,1,0,0,0,True,False,False,1,1
292,2018-05-08,False,False,True,0,0,False,False,True,0,0,True,False,False,1,1,0,1,True,False,False,2,4
293,2018-05-09,False,False,True,0,0,False,False,True,0,0,True,False,False,2,4,0,2,False,True,False,0,1
294,2018-05-10,False,True,False,0,1,False,False,True,1,0,False,True,False,0,1,0,3,False,False,True,0,0
295,2018-05-11,True,False,False,1,1,True,False,False,1,1,False,False,True,0,0,0,4,False,True,False,1,1
296,2018-05-14,False,False,True,0,0,False,False,True,0,0,False,True,False,1,1,0,0,True,False,False,1,2
297,2018-05-15,False,False,True,0,0,False,False,True,0,0,True,False,False,1,2,0,1,False,True,False,1,2
298,2018-05-16,False,False,True,0,0,False,True,False,1,2,False,True,False,1,2,0,2,False,False,True,1,0
299,2018-05-17,True,False,False,1,1,True,False,False,1,1,False,False,True,1,0,0,3,False,True,False,1,2
300,2018-05-18,True,False,False,1,1,False,False,True,1,0,False,True,False,1,2,0,4,False,False,True,2,0
301,2018-05-21,False,True,False,3,3,False,False,True,0,0,False,False,True,2,0,0,0,False,False,True,1,0
302,2018-05-22,True,False,False,1,2,False,False,True,1,0,False,False,True,1,0,0,1,False,True,False,1,2
303,2018-05-23,False,False,True,0,0,False,False,True,0,0,False,True,False,1,2,0,2,False,True,False,1,2
304,2018-05-24,False,False,True,0,0,True,False,False,1,2,False,True,False,1,2,0,3,False,False,True,1,0
305,2018-05-25,False,False,True,0,0,False,False,True,1,0,False,False,True,1,0,0,4,False,False,True,1,0
306,2018-05-28,False,False,True,0,0,False,False,True,0,0,False,False,True,1,0,0,0,True,False,False,1,1
307,2018-05-29,False,False,True,0,0,False,False,True,0,0,True,False,False,1,1,0,1,False,False,True,1,0
308,2018-05-30,False,False,True,1,0,False,False,True,1,0,False,False,True,1,0,1,2,False,True,False,1,1
309,2018-05-31,False,False,True,0,0,False,False,True,0,0,False,True,False,1,1,0,3,True,False,False,2,3
310,2018-06-01,True,False,False,1,1,False,False,True,0,0,True,False,False,2,3,0,4,False,True,False,1,1
311,2018-06-04,False,False,True,0,0,True,False,False,1,2,False,True,False,1,1,0,0,True,False,False,1,2
312,2018-06-05,False,False,True,0,0,True,False,False,0,1,True,False,False,1,2,0,1,False,False,True,1,0
313,2018-06-06,False,False,True,0,0,False,False,True,0,0,False,False,True,1,0,0,2,False,False,True,0,0
314,2018-06-07,False,False,True,0,0,False,False,True,0,0,False,False,True,0,0,0,3,False,False,True,0,0
315,2018-06-08,False,False,True,0,0,False,True,False,1,2,False,False,True,0,0,0,4,False,True,False,1,2
316,2018-06-11,False,False,True,0,0,True,False,False,1,1,False,True,False,1,2,0,0,False,False,True,1,0
317,2018-06-12,False,True,False,0,1,True,False,False,0,1,False,False,True,1,0,0,1,True,False,False,1,2
318,2018-06-13,False,True,False,1,1,True,False,False,0,1,True,False,False,1,2,0,2,False,False,True,0,0
319,2018-06-14,False,False,True,0,0,False,False,True,1,0,False,False,True,0,0,0,3,True,False,False,1,1
320,2018-06-15,True,False,False,1,1,True,False,False,1,2,True,False,False,1,1,0,4,False,False,True,0,0
321,2018-06-18,False,False,True,0,0,False,True,False,0,1,False,False,True,0,0,0,0,False,False,True,0,0
322,2018-06-19,False,False,True,0,0,True,False,False,1,1,False,False,True,0,0,0,1,False,True,False,2,1
323,2018-06-20,False,False,True,0,0,False,False,True,1,0,False,True,False,2,1,0,2,False,False,True,1,0
324,2018-06-21,False,False,True,0,0,True,False,False,1,1,False,False,True,1,0,0,3,True,False,False,2,1
325,2018-06-22,True,False,False,1,1,False,True,False,1,2,True,False,False,2,1,0,4,False,False,True,0,0
326,2018-06-25,False,False,True,0,0,False,True,False,1,1,False,False,True,0,0,0,0,False,True,False,2,1
327,2018-06-26,False,False,True,0,0,False,True,False,3,4,False,True,False,2,1,1,1,False,True,False,2,2
328,2018-06-27,False,False,True,0,0,False,False,True,0,0,False,True,False,2,2,1,2,False,True,False,3,3
329,2018-06-28,True,False,False,1,1,False,False,True,2,0,False,True,False,3,3,1,3,True,False,False,1,1
330,2018-06-29,False,False,True,0,0,False,False,True,1,0,True,False,False,1,1,1,4,True,False,False,2,2
331,2018-07-02,True,False,False,0,1,False,False,True,0,0,True,False,False,2,2,0,0,False,True,False,5,5
332,2018-07-03,False,False,True,0,0,True,False,False,1,1,False,True,False,5,5,1,1,False,True,False,2,2
333,2018-07-04,False,False,True,0,0,False,True,False,2,3,False,True,False,2,2,0,2,False,False,True,1,0
334,2018-07-05,False,True,False,0,1,False,True,False,2,3,False,False,True,1,0,0,3,False,False,True,1,0
335,2018-07-06,True,False,False,1,1,False,False,True,1,0,False,False,True,1,0,0,4,True,False,False,2,1
336,2018-07-09,False,False,True,1,0,True,False,False,2,3,True,False,False,2,1,0,0,True,False,False,2,4
337,2018-07-10,False,False,True,0,0,False,False,True,0,0,True,False,False,2,4,0,1,False,True,False,1,2
338,2018-07-11,False,False,True,0,0,False,False,True,0,0,False,True,False,1,2,0,2,True,False,False,1,1
339,2018-07-12,False,False,True,0,0,False,False,True,0,0,True,False,False,1,1,0,3,True,False,False,2,4
340,2018-07-16,False,False,True,0,0,True,False,False,1,2,True,False,False,2,4,0,0,False,True,False,1,2
341,2018-07-17,False,True,False,1,1,False,False,True,0,0,False,True,False,1,2,0,1,False,True,False,1,2
342,2018-07-18,False,True,False,1,1,True,False,False,2,2,False,True,False,1,2,0,2,False,False,True,1,0
343,2018-07-19,False,False,True,0,0,False,False,True,0,0,False,False,True,1,0,0,3,False,False,True,1,0
344,2018-07-20,False,False,True,0,0,False,False,True,0,0,False,False,True,1,0,0,4,True,False,False,3,1
345,2018-07-23,True,False,False,2,2,False,False,True,0,0,True,False,False,3,1,0,0,True,False,False,1,1
346,2018-07-24,False,False,True,0,0,False,False,True,1,0,True,False,False,1,1,0,1,True,False,False,1,4
347,2018-07-25,False,False,True,0,0,False,False,True,1,0,True,False,False,1,4,0,2,False,True,False,1,1
348,2018-07-26,False,False,True,0,0,True,False,False,1,1,False,True,False,1,1,0,3,False,True,False,1,2
349,2018-07-27,False,False,True,0,0,False,False,True,0,0,False,True,False,1,2,0,4,False,False,True,0,0
350,2018-07-30,False,False,True,0,0,False,True,False,3,3,False,False,True,0,0,0,0,False,False,True,1,0
351,2018-07-31,False,False,True,0,0,False,True,False,2,2,False,False,True,1,0,0,1,False,False,True,0,0
352,2018-08-01,False,False,True,2,0,False,False,True,1,0,False,False,True,0,0,0,2,False,True,False,3,2
353,2018-08-02,False,False,True,0,0,False,False,True,0,0,False,True,False,3,2,0,3,False,True,False,3,5
354,2018-08-03,False,True,False,0,1,True,False,False,3,4,False,True,False,3,5,0,4,False,True,False,1,1
355,2018-08-06,False,False,True,0,0,False,False,True,0,0,False,True,False,1,1,0,0,False,False,True,1,0
356,2018-08-07,False,False,True,0,0,False,False,True,0,0,False,False,True,1,0,0,1,True,False,False,2,3
357,2018-08-08,False,False,True,0,0,False,False,True,0,0,True,False,False,2,3,0,2,False,True,False,2,2
358,2018-08-09,False,False,True,1,0,False,False,True,0,0,False,True,False,2,2,0,3,True,False,False,3,5
359,2018-08-10,False,True,False,1,1,False,False,True,0,0,True,False,False,3,5,0,4,False,False,True,1,0
360,2018-08-13,True,False,False,2,3,False,False,True,0,0,False,False,True,1,0,0,0,False,True,False,1,2
361,2018-08-14,False,False,True,0,0,False,False,True,1,0,False,True,False,1,2,0,1,False,True,False,1,1
362,2018-08-15,False,False,True,0,0,False,False,True,0,0,False,True,False,1,1,0,2,False,True,False,2,4
363,2018-08-16,False,False,True,0,0,False,True,False,1,1,False,True,False,2,4,0,3,True,False,False,2,2
364,2018-08-17,False,False,True,0,0,False,False,True,0,0,True,False,False,2,2,0,4,False,True,False,2,2
365,2018-08-20,False,False,True,0,0,False,False,True,1,0,False,True,False,2,2,0,0,False,False,True,1,0
366,2018-08-21,False,False,True,0,0,False,True,False,0,1,False,False,True,1,0,0,1,True,False,False,2,4
367,2018-08-22,True,False,False,3,1,True,False,False,0,1,True,False,False,2,4,0,2,False,True,False,1,1
368,2018-08-23,False,False,True,0,0,True,False,False,1,1,False,True,False,1,1,0,3,False,False,True,1,0
369,2018-08-24,True,False,False,1,2,False,False,True,1,0,False,False,True,1,0,0,4,False,False,True,1,0
370,2018-08-27,False,False,True,0,0,True,False,False,1,1,False,False,True,1,0,0,0,True,False,False,1,2
371,2018-08-28,False,False,True,0,0,True,False,False,0,1,True,False,False,1,2,0,1,False,False,True,0,0
372,2018-08-29,True,False,False,0,1,False,False,True,0,0,False,False,True,0,0,0,2,False,False,True,0,0
373,2018-08-30,False,False,True,0,0,True,False,False,1,1,False,False,True,0,0,0,3,False,True,False,1,2
374,2018-08-31,False,False,True,0,0,False,False,True,0,0,False,True,False,1,2,0,4,True,False,False,1,1
375,2018-09-03,False,False,True,1,0,False,False,True,0,0,True,False,False,1,1,0,0,False,False,True,0,0
376,2018-09-04,False,False,True,0,0,False,False,True,0,0,False,False,True,0,0,0,1,False,False,True,2,0
377,2018-09-05,False,True,False,1,1,False,False,True,0,0,False,False,True,2,0,0,2,False,True,False,2,2
378,2018-09-06,False,False,True,0,0,False,True,False,2,2,False,True,False,2,2,0,3,False,False,True,1,0
379,2018-09-07,False,False,True,0,0,False,True,False,2,3,False,False,True,1,0,0,4,False,False,True,2,0
380,2018-09-10,False,False,True,0,0,False,False,True,1,0,False,False,True,2,0,0,0,False,False,True,0,0
381,2018-09-11,False,False,True,0,0,False,True,False,1,1,False,False,True,0,0,0,1,False,False,True,1,0
382,2018-09-12,False,False,True,0,0,True,False,False,1,2,False,False,True,1,0,0,2,False,False,True,0,0
383,2018-09-13,False,True,False,1,1,False,True,False,1,1,False,False,True,0,0,0,3,False,True,False,1,2
384,2018-09-14,True,False,False,1,2,True,False,False,1,1,False,True,False,1,2,0,4,False,False,True,0,0
385,2018-09-17,False,True,False,0,1,False,True,False,1,1,False,False,True,0,0,0,0,False,False,True,0,0
386,2018-09-18,False,True,False,2,1,False,True,False,1,1,False,False,True,0,0,0,1,True,False,False,2,2
387,2018-09-19,True,False,False,0,1,True,False,False,1,2,True,False,False,2,2,0,2,True,False,False,2,2
388,2018-09-20,True,False,False,5,4,False,False,True,0,0,True,False,False,2,2,0,3,False,False,True,0,0
389,2018-09-21,False,False,True,0,0,True,False,False,0,1,False,False,True,0,0,0,4,True,False,False,4,3
390,2018-09-24,False,False,True,0,0,False,False,True,1,0,True,False,False,4,3,0,0,False,False,True,0,0
391,2018-09-25,False,False,True,0,0,True,False,False,1,1,False,False,True,0,0,0,1,False,False,True,0,0
392,2018-09-26,False,False,True,1,0,False,False,True,0,0,False,False,True,0,0,0,2,True,False,False,2,3
393,2018-09-27,False,False,True,0,0,False,False,True,1,0,True,False,False,2,3,0,3,False,True,False,1,2
394,2018-09-28,False,False,True,0,0,True,False,False,1,2,False,True,False,1,2,0,4,True,False,False,1,2
395,2018-10-01,True,False,False,0,1,True,False,False,0,1,True,False,False,1,2,0,0,False,False,True,0,0
396,2018-10-02,False,False,True,0,0,False,False,True,1,0,False,False,True,0,0,0,1,False,True,False,2,3
397,2018-10-03,False,False,True,0,0,True,False,False,1,1,False,True,False,2,3,0,2,False,False,True,0,0
398,2018-10-04,False,False,True,0,0,False,False,True,0,0,False,False,True,0,0,0,3,False,True,False,1,2
399,2018-10-05,False,False,True,0,0,False,True,False,3,3,False,True,False,1,2,0,4,False,False,True,0,0
400,2018-10-08,False,False,True,0,0,False,True,False,3,2,False,False,True,0,0,0,0,False,True,False,2,2
401,2018-10-09,False,False,True,0,0,False,True,False,2,2,False,True,False,2,2,1,1,True,False,False,1,2
402,2018-10-10,False,False,True,0,0,True,False,False,1,2,True,False,False,1,2,1,2,False,False,True,1,0
403,2018-10-11,False,False,True,1,0,False,True,False,3,4,False,False,True,1,0,1,3,False,True,False,2,1
404,2018-10-12,False,False,True,0,0,True,False,False,2,2,False,True,False,2,1,2,4,True,False,False,2,2
405,2018-10-15,False,False,True,0,0,False,False,True,1,0,True,False,False,2,2,2,0,False,True,False,1,1
406,2018-10-16,False,True,False,1,3,False,True,False,1,1,False,True,False,1,1,1,1,False,False,True,2,0
407,2018-10-17,False,False,True,0,0,True,False,False,2,3,False,False,True,2,0,1,2,False,True,False,2,1
408,2018-10-18,False,True,False,1,1,False,True,False,1,1,False,True,False,2,1,1,3,False,True,False,2,3
409,2018-10-19,False,False,True,0,0,False,True,False,3,3,False,True,False,2,3,1,4,True,False,False,3,3
410,2018-10-22,False,False,True,0,0,False,True,False,2,1,True,False,False,3,3,1,0,True,False,False,4,5
411,2018-10-23,True,False,False,0,1,False,False,True,1,0,True,False,False,4,5,1,1,False,True,False,3,3
412,2018-10-24,False,False,True,0,0,False,False,True,3,0,False,True,False,3,3,1,2,True,False,False,2,2
413,2018-10-25,False,False,True,0,0,False,True,False,4,5,True,False,False,2,2,2,3,True,False,False,2,1
414,2018-10-26,True,False,False,1,1,True,False,False,3,2,True,False,False,2,1,2,4,False,True,False,1,2
415,2018-10-29,False,False,True,0,0,True,False,False,3,3,False,True,False,1,2,2,0,False,True,False,5,5
416,2018-10-30,True,False,False,0,1,False,True,False,4,4,False,True,False,5,5,2,1,True,False,False,2,2
417,2018-10-31,False,False,True,0,0,False,True,False,1,1,True,False,False,2,2,2,2,True,False,False,1,1
418,2018-11-01,False,False,True,0,0,True,False,False,2,3,True,False,False,1,1,1,3,True,False,False,1,1
419,2018-11-02,True,False,False,1,1,True,False,False,1,1,True,False,False,1,1,1,4,False,False,True,2,0
420,2018-11-05,True,False,False,1,2,False,True,False,3,4,False,False,True,2,0,1,0,False,True,False,1,1
421,2018-11-06,False,True,False,1,1,False,True,False,1,2,False,True,False,1,1,1,1,False,True,False,1,3
422,2018-11-07,True,False,False,0,1,True,False,False,1,2,False,True,False,1,3,1,2,False,False,True,1,0
423,2018-11-08,False,False,True,0,0,True,False,False,2,4,False,False,True,1,0,1,3,False,True,False,1,1
424,2018-11-09,False,True,False,1,1,False,False,True,0,0,False,True,False,1,1,1,4,False,True,False,2,3
425,2018-11-12,False,False,True,0,0,False,True,False,2,3,False,True,False,2,3,1,0,False,False,True,0,0
426,2018-11-13,False,False,True,0,0,False,True,False,3,5,False,False,True,0,0,1,1,True,False,False,2,4
427,2018-11-14,False,False,True,0,0,False,False,True,2,0,True,False,False,2,4,1,2,False,True,False,2,3
428,2018-11-15,False,False,True,0,0,False,True,False,2,3,False,True,False,2,3,1,3,False,False,True,1,0
429,2018-11-16,False,False,True,0,0,True,False,False,3,3,False,False,True,1,0,1,4,False,False,True,1,0
430,2018-12-03,True,False,False,1,1,False,True,False,5,5,False,False,True,1,0,1,0,False,False,True,1,0
431,2018-12-04,False,False,True,0,0,False,True,False,5,5,False,False,True,1,0,1,1,False,False,True,0,0
432,2018-12-05,True,False,False,0,1,False,True,False,5,5,False,False,True,0,0,1,2,True,False,False,1,2
433,2018-12-06,False,False,True,0,0,False,True,False,5,5,True,False,False,1,2,1,3,False,True,False,0,1
434,2018-12-07,False,False,True,0,0,False,True,False,5,5,False,True,False,0,1,2,4,False,False,True,0,0
435,2018-12-10,False,False,True,0,0,False,True,False,5,5,False,False,True,0,0,2,0,False,False,True,0,0
436,2018-12-11,True,False,False,1,2,False,True,False,5,5,False,False,True,0,0,2,1,False,False,True,0,0
437,2018-12-12,True,False,False,0,1,False,True,False,5,5,False,False,True,0,0,2,2,False,False,True,0,0
438,2018-12-13,True,False,False,0,1,False,True,False,5,5,False,False,True,0,0,1,3,True,False,False,1,3
439,2018-12-14,False,False,True,0,0,False,True,False,5,5,True,False,False,1,3,1,4,False,True,False,0,1
440,2018-12-17,False,True,False,2,2,False,True,False,5,5,False,True,False,0,1,1,0,False,False,True,0,0
441,2018-12-18,False,False,True,0,0,False,True,False,3,1,False,False,True,0,0,2,1,False,False,True,1,0
442,2018-12-19,False,False,True,0,0,False,False,True,1,0,False,False,True,1,0,2,2,False,True,False,1,1
443,2018-12-20,False,False,True,0,0,False,False,True,4,0,False,True,False,1,1,2,3,False,True,False,2,2
444,2018-12-21,False,False,True,0,0,False,True,False,3,2,False,True,False,2,2,2,4,False,True,False,2,3
445,2018-12-24,False,False,True,0,0,False,True,False,5,5,False,True,False,2,3,3,0,True,False,False,0,1
446,2018-12-26,False,False,True,0,0,False,True,False,3,3,True,False,False,0,1,3,2,False,True,False,0,1
447,2018-12-27,True,False,False,1,1,True,False,False,5,5,False,True,False,0,1,3,3,False,False,True,1,0
448,2018-12-28,False,False,True,0,0,False,True,False,4,1,False,False,True,1,0,3,4,True,False,False,1,1
449,2018-12-31,False,False,True,0,0,False,False,True,2,0,True,False,False,1,1,3,0,False,False,True,0,0
